modality,description
CT,CT Abdo and pelvis with IV and oral Cont
CT,CT Abdomen
CT,CT Abdomen and pelvis
CT,CT Abdomen and pelvis oral contrast only
CT,CT Abdomen and pelvis with contrast
CT,CT Abdomen perfusion study
CT,CT Abdomen with & without contrast
CT,CT Abdomen with contrast
CT,CT Acromioclavicular joint Both
CT,CT Acromioclavicular joint Lt
CT,CT Acromioclavicular joint Rt
CT,CT Adrenal Both
CT,CT Adrenal with contrast Both
CT,CT Adrenals With Contrast
CT,CT Adrenals with & without contrast
CT,CT Adrenals with contrast washout Both
CT,CT Angio aorta coronary arteries
CT,CT Angio aortic arch and carotid Both
CT,CT Angio bicaval valve implantation Plan
CT,CT Angio coronary artery graft
CT,CT Angio triple phase for TAVI workup
CT,CT Angiogram
CT,CT Angiogram abdomen
CT,CT Angiogram abdominal wall vessels
CT,CT Angiogram aorta
CT,CT Angiogram bronchial artery Both
CT,CT Angiogram bronchial artery Left
CT,CT Angiogram bronchial artery Right
CT,CT Angiogram intracranial
CT,CT Angiogram lower limb Both
CT,CT Angiogram lower limb Lt
CT,CT Angiogram lower limb Rt
CT,CT Angiogram mesenteric artery
CT,CT Angiogram pulmonary
CT,CT Angiogram pulmonary abdomen pelvis A
CT,CT Angiogram renal
CT,CT Angiogram renal and abdominal
CT,CT Angiogram spine
CT,CT Angiogram subclavian Both
CT,CT Angiogram subclavian Left
CT,CT Angiogram subclavian Right
CT,CT Angiogram upper limb Both
CT,CT Angiogram upper limb Lt
CT,CT Angiogram upper limb Rt
CT,CT Angiography for TAVI workup
CT,CT Angiography thorax and abdomen
CT,CT Ankle Both
CT,CT Ankle Lt
CT,CT Ankle Rt
CT,CT Aorta abdominal
CT,CT Aorta abdominal with contrast
CT,CT Aorta thoracic
CT,CT Aorta thoracic with contrast
CT,CT Aorta whole
CT,CT Aorta whole with contrast
CT,CT Arthrogram ankle Both
CT,CT Arthrogram ankle Lt
CT,CT Arthrogram ankle Rt
CT,CT Arthrogram cervical facet joint
CT,CT Arthrogram elbow Both
CT,CT Arthrogram elbow Lt
CT,CT Arthrogram elbow Rt
CT,CT Arthrogram hip Both
CT,CT Arthrogram hip Lt
CT,CT Arthrogram hip Rt
CT,CT Arthrogram knee Both
CT,CT Arthrogram knee Lt
CT,CT Arthrogram knee Rt
CT,CT Arthrogram lumbar facet joint
CT,CT Arthrogram metacarpophalangeal joint
CT,CT Arthrogram metatarsophalangeal joint
CT,CT Arthrogram mid tarsal Both
CT,CT Arthrogram mid tarsal Lt
CT,CT Arthrogram mid tarsal Rt
CT,CT Arthrogram sacroiliac joint Both
CT,CT Arthrogram sacroiliac joint Left
CT,CT Arthrogram sacroiliac joint Right
CT,CT Arthrogram shoulder Both
CT,CT Arthrogram shoulder Lt
CT,CT Arthrogram shoulder Rt
CT,CT Arthrogram subtalar Both
CT,CT Arthrogram subtalar Lt
CT,CT Arthrogram subtalar Rt
CT,CT Arthrogram temporomandibular Jt Both
CT,CT Arthrogram temporomandibular joint Lt
CT,CT Arthrogram temporomandibular joint Rt
CT,CT Arthrogram thoracic facet joint
CT,CT Arthrogram wrist Both
CT,CT Arthrogram wrist Lt
CT,CT Arthrogram wrist Rt
CT,CT Arthroplasty planning lower limb B
CT,CT Arthroplasty planning lower limb Lt
CT,CT Arthroplasty planning lower limb Rt
CT,CT Axilla Both
CT,CT Axilla Left
CT,CT Axilla Right
CT,CT Base of skull
CT,CT Base of skull with contrast
CT,CT Bone densitometry
CT,CT Brachial Plexus With Contrast
CT,CT Brachial plexus
CT,CT Brain neck temporal bones Cont Both
CT,CT Brain neck thorax Abdo and pelvis
CT,CT Brain perfusion study
CT,CT Brain volume
CT,CT Brain volume with contrast
CT,CT Bronchoscopy virtual
CT,CT Calcaneus Both
CT,CT Calcaneus Lt
CT,CT Calcaneus Rt
CT,CT Cardiac Cor artery calcium scoring
CT,CT Cardiac angiogram coronary
CT,CT Cardiac gated
CT,CT Cardiac gated complex congenital Cont
CT,CT Cardiac gated function with contrast
CT,CT Cardiac gated with contrast
CT,CT Cardiac multiple gated acquisition
CT,CT Cerebral ventriculography
CT,CT Chest high resolution
CT,CT Chest high resolution with contrast
CT,CT Chest with contrast
CT,CT Cholangiogram
CT,CT Cisternography
CT,CT Clavicle Both
CT,CT Clavicle Lt
CT,CT Clavicle Rt
CT,CT Coccyx
CT,CT Cochlea Both
CT,CT Cochlea Left
CT,CT Cochlea Right
CT,CT Cochlear implant
CT,CT Colon
CT,CT Colon with contrast
CT,CT Colonography low dose
CT,CT Colonoscopy virtual
CT,CT Contrast enema
CT,CT Cor angiogram fractional flow reserve
CT,CT Cranioplasty planning
CT,CT Cystogram
CT,CT Dacrocystogram Both
CT,CT Dacrocystogram Lt
CT,CT Dacrocystogram Rt
CT,CT Dual phase kidney with contrast Both
CT,CT Dynamic arthrogram
CT,CT Dynamic trachea
CT,CT Elbow Both
CT,CT Elbow Lt
CT,CT Elbow Rt
CT,CT Enteroclysis
CT,CT Enterography
CT,CT Face
CT,CT Face With Contrast
CT,CT Facial bones
CT,CT Facial bones with contrast
CT,CT Fingers Both
CT,CT Fingers Lt
CT,CT Fingers Rt
CT,CT Floor of mouth
CT,CT Floor of mouth with contrast
CT,CT Foot Both
CT,CT Foot Lt
CT,CT Foot Rt
CT,CT Forearm Both
CT,CT Forearm Lt
CT,CT Forearm Rt
CT,CT Forearm with contrast Both
CT,CT Forearm with contrast Lt
CT,CT Forearm with contrast Rt
CT,CT Forefoot Both
CT,CT Forefoot Lt
CT,CT Forefoot Rt
CT,CT Forensic
CT,CT Gated coronary venogram with contrast
CT,CT Gated thoracic aorta with contrast
CT,CT Groin Both
CT,CT Groin Left
CT,CT Groin Right
CT,CT Hand Both
CT,CT Hand Lt
CT,CT Hand Rt
CT,CT Head
CT,CT Head With Contrast
CT,CT Head abdomen and pelvis
CT,CT Head abdomen pelvis with contrast
CT,CT Head and face
CT,CT Head and neck
CT,CT Head and neck with contrast
CT,CT Head and orbits
CT,CT Head and orbits with contrast
CT,CT Head and thorax
CT,CT Head and thorax with contrast
CT,CT Head neck Abdo pelvis with contrast
CT,CT Head neck abdomen and pelvis
CT,CT Head neck thorax Abdo and pelvis Cont
CT,CT Head neck thorax abdomen and pelvis
CT,CT Head neck thorax abdomen contrast
CT,CT Head neck thorax and abdomen
CT,CT Head thorax Abdo pelvis with contrast
CT,CT Head thorax abdomen and pelvis
CT,CT Head thorax abdomen with contrast
CT,CT Head thorax and abdomen
CT,CT Head with & without contrast
CT,CT Heart with contrast
CT,CT Hip Both
CT,CT Hip Lt
CT,CT Hip Rt
CT,CT Hip With Contrast Lt
CT,CT Hip With Contrast Rt
CT,CT Hip with contrast Both
CT,CT Hips With Contrast
CT,CT IAM with air contrast
CT,CT IAM with contrast
CT,CT IAM with intrathecal contrast
CT,CT Internal Auditory Meatii
CT,CT Internal auditory meatus Both
CT,CT Intravenous pyelogram triple phase
CT,CT Kidney triple phase Both
CT,CT Kidney triple phase Left
CT,CT Kidney triple phase Right
CT,CT Knee Both
CT,CT Knee Lt
CT,CT Knee Rt
CT,CT Larynx
CT,CT Larynx With Contrast
CT,CT Laser assisted decompression disc
CT,CT Left atrial appendage with contrast
CT,CT Leg length measurement
CT,CT Liver
CT,CT Liver Lesion Ablation (Ethanol)
CT,CT Liver dual phase
CT,CT Liver four phase scan with contrast
CT,CT Liver lesion ablation
CT,CT Liver lesion ablation RF
CT,CT Liver lesion ablation ethanol
CT,CT Liver lesion ablation laser
CT,CT Liver perfusion study
CT,CT Liver portogram
CT,CT Liver triple phase
CT,CT Liver with contrast
CT,CT Low dose skeletal survey
CT,CT Low dose thorax
CT,CT Lower Leg With Contrast Lt
CT,CT Lower Leg With Contrast Rt
CT,CT Lower leg Both
CT,CT Lower leg Lt
CT,CT Lower leg Rt
CT,CT Lower leg with contrast Both
CT,CT Lower limb with contrast Both
CT,CT Lower limbs with contrast
CT,CT Lumbar sympathectomy
CT,CT Mandible
CT,CT Mandible and maxilla
CT,CT Mastoid Both
CT,CT Maxilla
CT,CT Maximum intensity projection study
CT,CT Mediastinum
CT,CT Mediastinum with contrast
CT,CT Middle ear
CT,CT Midfoot Both
CT,CT Midfoot Lt
CT,CT Midfoot Rt
CT,CT Neck
CT,CT Neck With Contrast
CT,CT Neck and thorax
CT,CT Neck and thorax with contrast
CT,CT Neck perfusion study
CT,CT Neck thorax Abdo pelvis IV oral Cont
CT,CT Neck thorax abdomen and pelvis
CT,CT Neck thorax abdomen pelvis with Cont
CT,CT Neck thorax and abdomen
CT,CT Neck thorax and abdomen with contrast
CT,CT Neck with & without contrast
CT,CT Nephrostogram Both
CT,CT Nephrostogram Left
CT,CT Nephrostogram Right
CT,CT Oesophagus with contrast
CT,CT Orbit Both
CT,CT Orbit with contrast Both
CT,CT Osteoid Osteoma Ablation (Ethanol)
CT,CT Osteoid osteoma ablation
CT,CT Osteoid osteoma ablation RF
CT,CT Osteoid osteoma ablation ethanol
CT,CT Osteoid osteoma ablation laser
CT,CT Pancreas
CT,CT Pancreas dual phase
CT,CT Pancreas triple phase
CT,CT Pancreas with contrast
CT,CT Parotid
CT,CT Parotids with contrast
CT,CT Patella tracking
CT,CT Pelvis
CT,CT Pelvis With Contrast
CT,CT Pelvis perfusion study
CT,CT Pelvis with & without contrast
CT,CT Peritoneogram
CT,CT Petrous bones
CT,CT Pituitary
CT,CT Pituitary With Contrast
CT,CT Pleural phase thorax with contrast
CT,CT Portal venogram thorax Abdo pelvis
CT,CT Portal venogram thorax abdomen
CT,CT Portal venography abdomen and pelvis
CT,CT Post endovascular Aneur repair check
CT,CT Post mortem
CT,CT Post nasal space
CT,CT Post nasal space with contrast
CT,CT Posterior Fossa With Contrast
CT,CT Posterior fossa
CT,CT Prospective ECG gated coronary Angio
CT,CT Renal Both
CT,CT Renal With Contrast
CT,CT Renal with contrast Both
CT,CT Retrospective ECG gated Cor angiogram
CT,CT Sacroiliac joint Both
CT,CT Sacroiliac joint Left
CT,CT Sacroiliac joint Right
CT,CT Sacroiliac joint injection Both
CT,CT Sacroiliac joint injection Left
CT,CT Sacroiliac joint injection Right
CT,CT Salivary Glands With Contrast
CT,CT Salivary glands
CT,CT Scanogram for leg length
CT,CT Scanogram spine
CT,CT Scaphoid Both
CT,CT Scaphoid Left
CT,CT Scaphoid Right
CT,CT Scapula Both
CT,CT Scapula Lt
CT,CT Scapula Rt
CT,CT Shoulder Both
CT,CT Shoulder Lt
CT,CT Shoulder Rt
CT,CT Shoulder with contrast Both
CT,CT Shoulder with contrast Left
CT,CT Shoulder with contrast Right
CT,CT Sinogram
CT,CT Sinogram abdomen
CT,CT Sinogram lower limb Both
CT,CT Sinogram lower limb Left
CT,CT Sinogram lower limb Right
CT,CT Sinogram upper limb Both
CT,CT Sinogram upper limb Left
CT,CT Sinogram upper limb Right
CT,CT Sinuses
CT,CT Sinuses With Contrast
CT,CT Skeletal survey
CT,CT Solid organ injury
CT,CT Spine C T L S with contrast
CT,CT Spine Cervical With Contrast
CT,CT Spine Lumbar With Contrast
CT,CT Spine Thoracic With Contrast
CT,CT Spine cervical
CT,CT Spine cervical discogram
CT,CT Spine cervical myelogram
CT,CT Spine lumbar
CT,CT Spine lumbar discogram
CT,CT Spine lumbar myelogram
CT,CT Spine sacral
CT,CT Spine sacral with contrast
CT,CT Spine thoracic
CT,CT Spine thoracic myelogram
CT,CT Stereotaxis
CT,CT Sternoclavicular joint Both
CT,CT Sternum
CT,CT Stomach with contrast
CT,CT Submandibular Areas
CT,CT Submandibular areas with contrast
CT,CT Subtalar joints Both
CT,CT Subtalar joints Lt
CT,CT Subtalar joints Rt
CT,CT Temporal bone with contrast Both
CT,CT Temporal bone with contrast Left
CT,CT Temporal bone with contrast Right
CT,CT Temporal bones
CT,CT Temporomandibular joint Both
CT,CT Thoracic and lumbar spine
CT,CT Thorax
CT,CT Thorax Abdo pelvis oral and IV Cont
CT,CT Thorax Abdo pelvis oral contrast only
CT,CT Thorax abdomen and pelvis
CT,CT Thorax abdomen pelvis with contrast
CT,CT Thorax and abdomen
CT,CT Thorax and abdomen with contrast
CT,CT Thorax perfusion study
CT,CT Thorax with contrast
CT,CT Thumb Both
CT,CT Thumb Lt
CT,CT Thumb Rt
CT,CT Toes Both
CT,CT Toes Lt
CT,CT Toes Rt
CT,CT Transplanted liver
CT,CT Transplanted liver with contrast
CT,CT Transplanted small bowel
CT,CT Triple phase abdomen and pelvis Cont
CT,CT Triple phase adrenals with Cont Both
CT,CT Triple phase kidney with contrast B
CT,CT Tubogram
CT,CT Upper Leg (Thigh) With Contrast Lt
CT,CT Upper Leg (Thigh) With Contrast Rt
CT,CT Upper arm Both
CT,CT Upper arm Lt
CT,CT Upper arm Rt
CT,CT Upper arm with contrast Both
CT,CT Upper arm with contrast Lt
CT,CT Upper arm with contrast Rt
CT,CT Upper leg Both
CT,CT Upper leg Lt
CT,CT Upper leg Rt
CT,CT Upper leg with contrast Both
CT,CT Upper leg with contrast Lt
CT,CT Upper leg with contrast Rt
CT,CT Urinary tract
CT,CT Urinary tract with contrast
CT,CT Urogram excretory phase with contrast
CT,CT Venogram
CT,CT Venogram cerebral
CT,CT Venogram intracranial
CT,CT Venogram lower limb Both
CT,CT Venogram lower limb Left
CT,CT Venogram lower limb Right
CT,CT Venography pulmonary
CT,CT Whole body
CT,CT Whole body with contrast
CT,CT Whole spine
CT,CT Whole spine myelogram
CT,CT Wrist Both
CT,CT Wrist Lt
CT,CT Wrist Rt
CT,Virtual CT colonoscopy with contrast
DEXA,Bone densitometry DXA
DEXA,DEXA Scan of femur Both
DEXA,DEXA Scan of femur Left
DEXA,DEXA Scan of femur Right
DEXA,DEXA Scan of forearm Both
DEXA,DEXA Scan of forearm Left
DEXA,DEXA Scan of forearm Right
DEXA,DXA Bone densitometry lateral spine
DEXA,DXA Vertebral morphometry
DEXA,DXA Whole body
MRI,Diffusion tensor MR brain
MRI,Diffusion tensor MR cerebral nerve tract
MRI,MR Venography pulmonary
MRI,MRA Aorta abdominal
MRI,MRA Aorta thoracic
MRI,MRA Aorta whole
MRI,MRA Axillary femoral artery bypass
MRI,MRA Cardiac coronary arteries
MRI,MRA Carotid Both
MRI,MRA Coronary bypass graft
MRI,MRA Head
MRI,MRA Head and neck
MRI,MRA Head and neck with contrast
MRI,MRA Head with contrast
MRI,MRA Hepatic transplant
MRI,MRA Iliac artery
MRI,MRA Lower limb Both
MRI,MRA Lower limb Left
MRI,MRA Lower limb Right
MRI,MRA Mesenteric artery
MRI,MRA Neck
MRI,MRA Neck with contrast
MRI,MRA Pelvis
MRI,MRA Pulmonary arteries
MRI,MRA Renal Both
MRI,MRA Renal and visceral
MRI,MRA Renal transplant
MRI,MRA Spine with contrast
MRI,MRA Subclavian artery Both
MRI,MRA Subclavian artery Left
MRI,MRA Subclavian artery Right
MRI,MRA Transplanted small bowel
MRI,MRA Upper limb Both
MRI,MRA Upper limb Lt
MRI,MRA Upper limb Rt
MRI,MRA Visceral
MRI,MRA Whole body
MRI,MRCP
MRI,MRCP and secretin study
MRI,MRCP with Gadolinium
MRI,MRCP with contrast
MRI,MRI Abdomen
MRI,MRI Abdomen With Gadolinium
MRI,MRI Abdomen and pelvis
MRI,MRI Abdomen and pelvis with contrast
MRI,MRI Abdomen with contrast
MRI,MRI Acetabulum Both
MRI,MRI Acetabulum Left
MRI,MRI Acetabulum Right
MRI,MRI Achilles tendon Both
MRI,MRI Achilles tendon Left
MRI,MRI Achilles tendon Right
MRI,MRI Acromioclavicular joint Both
MRI,MRI Acromioclavicular joint Lt
MRI,MRI Acromioclavicular joint Rt
MRI,MRI Adrenal Both
MRI,MRI Adrenal with contrast Both
MRI,MRI Adrenals
MRI,MRI Adrenals With Gadolinium
MRI,MRI All fingers with contrast Both
MRI,MRI All fingers with contrast Lt
MRI,MRI All fingers with contrast Rt
MRI,MRI Anal sphincter
MRI,MRI Ankle  With Gadolinium Lt
MRI,MRI Ankle  With Gadolinium Rt
MRI,MRI Ankle Both
MRI,MRI Ankle Lt
MRI,MRI Ankle Rt
MRI,MRI Ankle with contrast Both
MRI,MRI Ankle with contrast Lt
MRI,MRI Ankle with contrast Rt
MRI,MRI Aorta
MRI,MRI Aorta abdominal with contrast
MRI,MRI Aorta thoracic with contrast
MRI,MRI Aorta with contrast
MRI,MRI Arterial spin labelling of brain
MRI,MRI Arthrogram ankle Both
MRI,MRI Arthrogram ankle Lt
MRI,MRI Arthrogram ankle Rt
MRI,MRI Arthrogram carpometacarpal joint B
MRI,MRI Arthrogram carpometacarpal joint Lt
MRI,MRI Arthrogram carpometacarpal joint Rt
MRI,MRI Arthrogram elbow Both
MRI,MRI Arthrogram elbow Lt
MRI,MRI Arthrogram elbow Rt
MRI,MRI Arthrogram facet joint
MRI,MRI Arthrogram hip Both
MRI,MRI Arthrogram hip Lt
MRI,MRI Arthrogram hip Rt
MRI,MRI Arthrogram interphalangeal joint
MRI,MRI Arthrogram knee Both
MRI,MRI Arthrogram knee Lt
MRI,MRI Arthrogram knee Rt
MRI,MRI Arthrogram metacarpophalangeal joint
MRI,MRI Arthrogram metatarsophalangeal joint
MRI,MRI Arthrogram mid tarsal Both
MRI,MRI Arthrogram mid tarsal Lt
MRI,MRI Arthrogram mid tarsal Rt
MRI,MRI Arthrogram shoulder Both
MRI,MRI Arthrogram shoulder Lt
MRI,MRI Arthrogram shoulder Rt
MRI,MRI Arthrogram subtalar Both
MRI,MRI Arthrogram subtalar Lt
MRI,MRI Arthrogram subtalar Rt
MRI,MRI Arthrogram temporomandibular Jt Both
MRI,MRI Arthrogram temporomandibular Jt Lt
MRI,MRI Arthrogram temporomandibular Jt Rt
MRI,MRI Arthrogram wrist Both
MRI,MRI Arthrogram wrist Lt
MRI,MRI Arthrogram wrist Rt
MRI,MRI Arthroplasty planning lower limb B
MRI,MRI Arthroplasty planning lower limb Lt
MRI,MRI Arthroplasty planning lower limb Rt
MRI,MRI Axilla Both
MRI,MRI Axilla Lt
MRI,MRI Axilla Rt
MRI,MRI Axilla With Gadolinium Lt
MRI,MRI Axilla With Gadolinium Rt
MRI,MRI Axilla with contrast Both
MRI,MRI Axilla with contrast Lt
MRI,MRI Axilla with contrast Rt
MRI,MRI Axillae With Gadolinium
MRI,MRI Bowel
MRI,MRI Brachial Plexus With Gadolinium
MRI,MRI Brachial plexus
MRI,MRI Brachial plexus with contrast
MRI,MRI Brain and cervical cord
MRI,MRI Brain volume
MRI,MRI Brain volume with contrast
MRI,MRI Brain with contrast intraoperative
MRI,MRI Breast & FNA Lt
MRI,MRI Breast & FNA Rt
MRI,MRI Breast Both
MRI,MRI Breast Lt
MRI,MRI Breast Rt
MRI,MRI Breast implant Both
MRI,MRI Breast screening Both
MRI,MRI Breast screening Left
MRI,MRI Breast screening Right
MRI,MRI Breast with contrast Both
MRI,MRI Breast with contrast Lt
MRI,MRI Breast with contrast Rt
MRI,MRI Breasts With Gadolinium
MRI,MRI Buttock Both
MRI,MRI Buttock Lt
MRI,MRI Buttock Rt
MRI,MRI Calcaneus Both
MRI,MRI Calcaneus Lt
MRI,MRI Calcaneus Rt
MRI,MRI Card Morph Func stress with contrast
MRI,MRI Card Morph Func velocity stress Cont
MRI,MRI Card Morph Func velocity with Cont
MRI,MRI Card morphology Func velocity stress
MRI,MRI Card morphology Func with contrast
MRI,MRI Card morphology function stress
MRI,MRI Card morphology function velocity
MRI,MRI Cardiac and hepatic iron load
MRI,MRI Cardiac complex congenital
MRI,MRI Cardiac iron load
MRI,MRI Cardiac morphology function
MRI,MRI Cardiac myocardial viability
MRI,MRI Cardiac perfusion
MRI,MRI Cardiac rest perfusion
MRI,MRI Cardiac stress function study
MRI,MRI Cardiac stress perfusion
MRI,MRI Cardiac valvular function study
MRI,MRI Cardiac ventricular volume study
MRI,MRI Cerebrospinal fluid flow
MRI,MRI Cervix
MRI,MRI Cervix endocavity RF coil
MRI,MRI Cervix with contrast
MRI,MRI Chemical shift imaging
MRI,MRI Clavicle Both
MRI,MRI Clavicle Lt
MRI,MRI Clavicle Rt
MRI,MRI Colon
MRI,MRI Colon with contrast
MRI,MRI Cranio-Facial
MRI,MRI Cranio-Facial With Gadolinium
MRI,MRI Craniofacial
MRI,MRI Craniofacial with contrast
MRI,MRI Defaecating proctogram
MRI,MRI Diffusion weighted
MRI,MRI Diffusion weighted IAM Both
MRI,MRI Diffusion weighted IAM Left
MRI,MRI Diffusion weighted IAM Right
MRI,MRI Diffusion weighted brain
MRI,MRI Diffusion weighted breast Both
MRI,MRI Diffusion weighted breast Left
MRI,MRI Diffusion weighted breast Right
MRI,MRI Diffusion weighted liver
MRI,MRI Diffusion weighted prostate
MRI,MRI Elastography
MRI,MRI Elbow Both
MRI,MRI Elbow Lt
MRI,MRI Elbow Rt
MRI,MRI Elbow With Gadolinium Lt
MRI,MRI Elbow With Gadolinium Rt
MRI,MRI Elbow with contrast Both
MRI,MRI Elbow with contrast Lt
MRI,MRI Elbow with contrast Rt
MRI,MRI Enteroclysis
MRI,MRI External auditory meatus contrast Lt
MRI,MRI External auditory meatus contrast Rt
MRI,MRI External auditory meatus with Cont B
MRI,MRI Face
MRI,MRI Face with contrast
MRI,MRI Facial nerve
MRI,MRI Fast field-cycling
MRI,MRI Femur (Thigh) With Gadolinium Lt
MRI,MRI Femur (Thigh) With Gadolinium Rt
MRI,MRI Femur Both
MRI,MRI Femur Lt
MRI,MRI Femur Rt
MRI,MRI Femur with contrast Both
MRI,MRI Femur with contrast Lt
MRI,MRI Femur with contrast Rt
MRI,MRI Fetus
MRI,MRI Fetus Brain
MRI,MRI Fetus spine
MRI,MRI Fingers Both
MRI,MRI Fingers Lt
MRI,MRI Fingers Rt
MRI,MRI Floor of Mouth With Gadolinium
MRI,MRI Floor of mouth
MRI,MRI Floor of mouth with contrast
MRI,MRI Foot Both
MRI,MRI Foot Lt
MRI,MRI Foot Rt
MRI,MRI Foot With Gadolinium Lt
MRI,MRI Foot With Gadolinium Rt
MRI,MRI Foot with contrast Both
MRI,MRI Foot with contrast Lt
MRI,MRI Foot with contrast Rt
MRI,MRI Forearm Both
MRI,MRI Forearm Lt
MRI,MRI Forearm Rt
MRI,MRI Forearm With Gadolinium Lt
MRI,MRI Forearm With Gadolinium Rt
MRI,MRI Forearm with contrast Both
MRI,MRI Forearm with contrast Lt
MRI,MRI Forearm with contrast Rt
MRI,MRI Forefoot Both
MRI,MRI Forefoot Lt
MRI,MRI Forefoot Rt
MRI,MRI Functional imaging
MRI,MRI Groin Both
MRI,MRI Groin Left
MRI,MRI Groin Right
MRI,MRI Hand Both
MRI,MRI Hand Lt
MRI,MRI Hand Rt
MRI,MRI Hand With Gadolinium Lt
MRI,MRI Hand With Gadolinium Rt
MRI,MRI Hand with contrast Both
MRI,MRI Hand with contrast Lt
MRI,MRI Hand with contrast Rt
MRI,MRI Head
MRI,MRI Head Cont proton therapy planning
MRI,MRI Head With Gadolinium
MRI,MRI Head With/without Gadolinium
MRI,MRI Head and neck dynamic with contrast
MRI,MRI Head brain perfusion study
MRI,MRI Head spectroscopy
MRI,MRI Head stereotactic planning
MRI,MRI Head with contrast
MRI,MRI Heart
MRI,MRI Heart with contrast
MRI,MRI Hepatic iron load
MRI,MRI Hindfoot Both
MRI,MRI Hindfoot Lt
MRI,MRI Hindfoot Rt
MRI,MRI Hip Both
MRI,MRI Hip Lt
MRI,MRI Hip Lt with Gadolinium
MRI,MRI Hip Rt
MRI,MRI Hip Rt with Gadolinium
MRI,MRI Hip with contrast Both
MRI,MRI Hip with contrast Lt
MRI,MRI Hip with contrast Rt
MRI,MRI Hips + Gadolinium
MRI,MRI IAM
MRI,MRI IAM With Gadolinium
MRI,MRI IAM with contrast Both
MRI,MRI Internal auditory meatus Both
MRI,MRI Knee Both
MRI,MRI Knee Lt
MRI,MRI Knee Lt with Gadolinium
MRI,MRI Knee Rt
MRI,MRI Knee Rt with Gadolinium
MRI,MRI Knee dynamic
MRI,MRI Knee dynamic Both
MRI,MRI Knee dynamic Left
MRI,MRI Knee dynamic Right
MRI,MRI Knee with contrast Both
MRI,MRI Knee with contrast Lt
MRI,MRI Knee with contrast Rt
MRI,MRI Larynx
MRI,MRI Larynx with contrast
MRI,MRI Liver
MRI,MRI Liver With Gadolinium
MRI,MRI Liver and spleen
MRI,MRI Liver and spleen with contrast
MRI,MRI Liver with SPIO
MRI,MRI Liver with contrast
MRI,MRI Liver with hepatobiliary contrast
MRI,MRI Liver with manganese
MRI,MRI Lower leg Both
MRI,MRI Lower leg Lt
MRI,MRI Lower leg Rt
MRI,MRI Lower leg with contrast Both
MRI,MRI Lower leg with contrast Lt
MRI,MRI Lower leg with contrast Rt
MRI,MRI Lower limb Both
MRI,MRI Lower limb Left
MRI,MRI Lower limb Right
MRI,MRI Lower limb with contrast Both
MRI,MRI Lower limb with contrast Left
MRI,MRI Lower limb with contrast Right
MRI,MRI Lumbar spine and pelvis
MRI,MRI Lumbar spine and pelvis with Cont
MRI,MRI Lumbar spine and sacroiliac joints
MRI,MRI Lumbar spine with contrast
MRI,MRI Lumbosacral plexus
MRI,MRI Lumbosacral plexus with contrast
MRI,MRI Lymphogram
MRI,MRI Mandible
MRI,MRI Mastoid Both
MRI,MRI Mastoid Left
MRI,MRI Mastoid Right
MRI,MRI Mastoid with contrast Both
MRI,MRI Mastoid with contrast Left
MRI,MRI Mastoid with contrast Right
MRI,MRI Mediastinum
MRI,MRI Midfoot Both
MRI,MRI Midfoot Lt
MRI,MRI Midfoot Rt
MRI,MRI Multiparametric prostate
MRI,MRI Multiple pregnancy
MRI,MRI Neck
MRI,MRI Neck Cont proton therapy planning
MRI,MRI Neck With Gadolinium
MRI,MRI Neck with contrast
MRI,MRI Oesophagus
MRI,MRI Oral cavity
MRI,MRI Oral cavity with contrast
MRI,MRI Orbit Both
MRI,MRI Orbit with contrast Both
MRI,MRI Orbits
MRI,MRI Orbits with Gadolinium
MRI,MRI Pancreas
MRI,MRI Pancreas with contrast
MRI,MRI Parathyroid
MRI,MRI Parotid
MRI,MRI Parotid gland with contrast
MRI,MRI Patella tracking
MRI,MRI Pathology specimen
MRI,MRI Pelvimetry
MRI,MRI Pelvis
MRI,MRI Pelvis Cont proton therapy planning
MRI,MRI Pelvis Gynae with contrast
MRI,MRI Pelvis SIJ Both
MRI,MRI Pelvis SIJ with contrast Both
MRI,MRI Pelvis SIJ's
MRI,MRI Pelvis and hip Both
MRI,MRI Pelvis and prostate with contrast
MRI,MRI Pelvis and rectum with contrast
MRI,MRI Pelvis bladder
MRI,MRI Pelvis dynamic
MRI,MRI Pelvis endocavity
MRI,MRI Pelvis gynaecological
MRI,MRI Pelvis obstetric
MRI,MRI Pelvis prostate
MRI,MRI Pelvis rectum
MRI,MRI Pelvis with Gadolinium
MRI,MRI Pelvis with contrast
MRI,MRI Penis
MRI,MRI Perfusion weighted
MRI,MRI Perianal fistula with contrast
MRI,MRI Perineum
MRI,MRI Perineum with contrast
MRI,MRI Phosphorus spectroscopy body
MRI,MRI Phosphorus spectroscopy head
MRI,MRI Pituitary
MRI,MRI Pituitary with Gadolinium
MRI,MRI Pituitary with contrast
MRI,MRI Post mortem
MRI,MRI Post nasal space
MRI,MRI Posterior fossa
MRI,MRI Posterior fossa with contrast
MRI,MRI Proctogram
MRI,MRI Prostate endocavity RF coil
MRI,MRI Prostate spectroscopy
MRI,MRI Prostate with contrast
MRI,MRI Pulmonary perfusion scan
MRI,MRI Renal Both
MRI,MRI Renal with contrast Both
MRI,MRI Renal with contrast Left
MRI,MRI Renal with contrast Right
MRI,MRI Rib
MRI,MRI Salivary glands
MRI,MRI Salivary glands with contrast
MRI,MRI Scaphoid Both
MRI,MRI Scaphoid Left
MRI,MRI Scaphoid Right
MRI,MRI Scapula Both
MRI,MRI Scapula Lt
MRI,MRI Scapula Rt
MRI,MRI Sciatic nerve
MRI,MRI Scrotum
MRI,MRI Shoulder Both
MRI,MRI Shoulder Lt
MRI,MRI Shoulder Lt with Gadolinium
MRI,MRI Shoulder Rt
MRI,MRI Shoulder Rt with Gadolinium
MRI,MRI Shoulder with contrast Both
MRI,MRI Shoulder with contrast Lt
MRI,MRI Shoulder with contrast Rt
MRI,MRI Shoulders
MRI,MRI Sinuses
MRI,MRI Sinuses with Gadolinium
MRI,MRI Sinuses with contrast
MRI,MRI Skeletal survey
MRI,MRI Skull base
MRI,MRI Small Bowel Study
MRI,MRI Small bowel with contrast
MRI,MRI Soft tissue limb
MRI,MRI Spectroscopy
MRI,MRI Spinal cord
MRI,MRI Spinal cord with contrast
MRI,MRI Spine Cervical With Gadolinium
MRI,MRI Spine Cont proton therapy planning
MRI,MRI Spine Lumbar/Sacral With Gadolinium
MRI,MRI Spine Thoracic With Gadolinium
MRI,MRI Spine Whole With Gadolinium
MRI,MRI Spine cervical
MRI,MRI Spine cervical myelogram
MRI,MRI Spine cervical with contrast
MRI,MRI Spine cervicothoracic
MRI,MRI Spine cervicothoracic with contrast
MRI,MRI Spine coccyx
MRI,MRI Spine coccyx with contrast
MRI,MRI Spine lumbar
MRI,MRI Spine lumbar and sacral
MRI,MRI Spine lumbar myelogram
MRI,MRI Spine lumbar sacral with contrast
MRI,MRI Spine sacrum
MRI,MRI Spine sacrum with contrast
MRI,MRI Spine thoracic
MRI,MRI Spine thoracic lumbar with contrast
MRI,MRI Spine thoracic myelogram
MRI,MRI Spine thoracic with contrast
MRI,MRI Spine thoracolumbar
MRI,MRI Spine whole
MRI,MRI Spine whole with contrast
MRI,MRI Stereo guided laser Abl lesion brain
MRI,MRI Sternoclavicular Jt with Cont Both
MRI,MRI Sternoclavicular joint Both
MRI,MRI Sternum
MRI,MRI Submandibular gland
MRI,MRI Submandibular gland with contrast
MRI,MRI Subthalamic nucleus
MRI,MRI Susceptibility imaging
MRI,MRI T2 mapping
MRI,MRI TMJ with contrast Both
MRI,MRI TMJ with contrast Left
MRI,MRI TMJ with contrast Right
MRI,MRI Temporal lobe
MRI,MRI Temporomandibular joint Both
MRI,MRI Temporomandibular joint Left
MRI,MRI Temporomandibular joint Right
MRI,MRI Thigh Both
MRI,MRI Thigh Left
MRI,MRI Thigh Right
MRI,MRI Thigh with contrast Both
MRI,MRI Thigh with contrast Left
MRI,MRI Thigh with contrast Right
MRI,MRI Thoracic inlet and outlet
MRI,MRI Thoracic inlet with contrast
MRI,MRI Thoracic outlet with contrast
MRI,MRI Thorax
MRI,MRI Thorax Cont proton therapy planning
MRI,MRI Thorax With Gadolinium
MRI,MRI Thorax abdo and pelvis with contrast
MRI,MRI Thorax abdomen and pelvis
MRI,MRI Thorax with contrast
MRI,MRI Thumb Both
MRI,MRI Thumb Lt
MRI,MRI Thumb Rt
MRI,MRI Thyroid
MRI,MRI Tib & Fib (Lower Leg) With Gd Lt
MRI,MRI Tib & Fib (Lower Leg) With Gd Rt
MRI,MRI Tongue
MRI,MRI Tongue with contrast
MRI,MRI Transplanted liver
MRI,MRI Transplanted small bowel
MRI,MRI Trigeminal nerve
MRI,MRI Trigeminal nerve with contrast
MRI,MRI Upper Arm With Gadolinium Lt
MRI,MRI Upper Arm With Gadolinium Rt
MRI,MRI Upper arm Both
MRI,MRI Upper arm Lt
MRI,MRI Upper arm Rt
MRI,MRI Upper arm with contrast Both
MRI,MRI Upper arm with contrast Lt
MRI,MRI Upper arm with contrast Rt
MRI,MRI Upper limb Both
MRI,MRI Upper limb Left
MRI,MRI Upper limb Right
MRI,MRI Upper limb with contrast Both
MRI,MRI Upper limb with contrast Left
MRI,MRI Upper limb with contrast Right
MRI,MRI Urinary bladder
MRI,MRI Urinary bladder with contrast
MRI,MRI Urogram
MRI,MRI Venogram neck
MRI,MRI Venography jugular vein Both
MRI,MRI Venography jugular vein Left
MRI,MRI Venography jugular vein Right
MRI,MRI Vessel wall
MRI,MRI Vessel wall with contrast
MRI,MRI Whole body
MRI,MRI Whole body with contrast
MRI,MRI Wrist Both
MRI,MRI Wrist Lt
MRI,MRI Wrist Rt
MRI,MRI Wrist With Gadolinium Lt
MRI,MRI Wrist With Gadolinium Rt
MRI,MRI Wrist dynamic Both
MRI,MRI Wrist dynamic Left
MRI,MRI Wrist dynamic Right
MRI,MRI Wrist dynamic with contrast Both
MRI,MRI Wrist dynamic with contrast Left
MRI,MRI Wrist dynamic with contrast Right
MRI,MRI Wrist with contrast Both
MRI,MRI Wrist with contrast Lt
MRI,MRI Wrist with contrast Rt
MRI,MRV Abdomen and pelvis
MRI,MRV Cerebral veins
MRI,MRV Cranial
MRI,MRV Iliac vein Both
MRI,MRV Iliac vein Left
MRI,MRV Iliac vein Right
MRI,MRV Inferior vena cava
MRI,MRV Lower limb Both
MRI,MRV Pelvis
MRI,MRV Portal vein
MRI,MRV Subclavian vein Both
MRI,MRV Subclavian vein Left
MRI,MRV Subclavian vein Right
MRI,MRV Superior vena cava
MRI,MRV Upper limb Both
MRI,MRV Upper limb Lt
MRI,MRV Upper limb Rt
MRI,MRV Venogram
MRI,Magnetic resonance angiography
PET,NM 11C metomidate PET CT
PET,NM 18F NaF gated cardiac PET CT
PET,NM 18F NaF whole body PET CT
PET,NM 18F fluciclovine whole body PET CT
PET,NM 18F fluoromisonidazole WB PET CT
PET,NM 18F fluorothymidine whole body PET CT
PET,NM Base of brain to mid-thigh FDG PET CT
PET,NM Brain FDG PET CT
PET,NM Brain PET FDG
PET,NM Brain florbetaben (18F) PET CT
PET,NM Brain florbetapir (18F) PET CT
PET,NM Brain flutemetamol (18F) PET CT
PET,NM Breast PET MRI Both
PET,NM Breast PET MRI Left
PET,NM Breast PET MRI Right
PET,NM Breast PET MRI with contrast Both
PET,NM Breast PET MRI with contrast Left
PET,NM Breast PET MRI with contrast Right
PET,NM C11 acetate whole body PET CT
PET,NM C11 choline PET CT
PET,NM C11 choline whole body PET CT
PET,NM Cardiac rest FDG PET CT
PET,NM Cardiac rest N13 PET CT
PET,NM Cardiac rest PET FDG
PET,NM Cardiac rest PET NH3
PET,NM Cardiac rest PET Rb81
PET,NM Cardiac rest PET Rb82
PET,NM Cardiac rest Rb81 PET CT
PET,NM Cardiac rest gated FDG PET CT
PET,NM Cardiac rest gated N13 PET CT
PET,NM Cardiac rest gated PET FDG
PET,NM Cardiac rest gated PET NH3
PET,NM Cardiac stress PET CT FDG
PET,NM Cardiac stress PET Rb81
PET,NM Cardiac stress PET Rb82
PET,NM Cardiac stress Rb81 PET CT
PET,NM Cardiac viability scan FDG PET CT
PET,NM Cardiac viability scan PET FDG
PET,NM Carotid artery PET MRI Both
PET,NM Carotid artery PET MRI Left
PET,NM Carotid artery PET MRI Right
PET,NM Carotid artery PET MRI with Cont B
PET,NM Carotid artery PET MRI with Cont Lt
PET,NM Carotid artery PET MRI with Cont Rt
PET,NM Choline brain PET F18
PET,NM Choline local PET F18
PET,NM Choline local view PET C11
PET,NM Choline whole body PET C11
PET,NM Choline whole body PET F18
PET,NM F18 PSMA whole body PET CT
PET,NM F18 choline PET CT
PET,NM F18 choline whole body PET CT
PET,NM Ga68 DOTANOC PET CT whole body
PET,NM Ga68 DOTATATE whole body PET
PET,NM Ga68 DOTATATE whole body PET CT
PET,NM Ga68 DOTATOC PET CT whole body
PET,NM Ga68 PSMA PET CT whole body
PET,NM Head PET MRI
PET,NM Head PET MRI with contrast
PET,NM Head and neck PET CT FDG
PET,NM Liver PET MRI
PET,NM Liver PET MRI with contrast
PET,NM Methionine tumour PET CT
PET,NM Methionine tumour WB PET CT
PET,NM Methionine tumour imaging WB PET
PET,NM Methionine tumour imaging local PET
PET,NM Skull to mid-thigh F18 PSMA PET CT
PET,NM Skull to mid-thigh FDG PET CT for CS
PET,NM Skull to mid-thigh Ga68 PSMA PET CT
PET,NM Skull vertex to mid-thigh FDG PET CT
PET,NM Whole body FDG PET CT
PET,NM Whole body PET FDG
PET,NM Whole body PET MRI
PET,NM Whole body and delayed view PET FDG
PET,NM Y90 liver PET CT
PET,PET FDG Breasts
PET,PET FDG Cardiac viability scan
PET,PET FDG Whole body
PET,Positron emission tomography with CT
XR,XR AP pelvis for hip surveillance
XR,XR Abdomen
XR,XR Abdomen with contrast
XR,XR Acetabulum Both
XR,XR Acetabulum Lt
XR,XR Acetabulum Rt
XR,XR Acromioclavicular joint Both
XR,XR Acromioclavicular joint Lt
XR,XR Acromioclavicular joint Rt
XR,XR Ankle Both
XR,XR Ankle Lt
XR,XR Ankle Rt
XR,XR Ankle joint stress both
XR,XR Ankle joint with stress Both
XR,XR Ankle joint with stress Left
XR,XR Ankle joint with stress Right
XR,XR Bladder
XR,XR Breast Stereotactic Guided Wire Lt
XR,XR Breast Stereotactic Guided Wire Rt
XR,XR Breast tomosynthesis Both
XR,XR Breast tomosynthesis Left
XR,XR Breast tomosynthesis Right
XR,XR Breasts Stereotactic Guided Wire
XR,XR Calcaneus Both
XR,XR Calcaneus Lt
XR,XR Calcaneus Rt
XR,XR Carpal tunnel Both
XR,XR Carpal tunnel Lt
XR,XR Carpal tunnel Rt
XR,XR Carpometacarpal Jt with stress Both
XR,XR Carpometacarpal joint with stress Lt
XR,XR Carpometacarpal joint with stress Rt
XR,XR Cephalogram
XR,XR Cephalogram Posteroanterior
XR,XR Cephalogram lateral
XR,XR Cerebro-spinal fluid shunt
XR,XR Cervical spine
XR,XR Cervical spine flexion and extension
XR,XR Cervicothoracic junction
XR,XR Chest
XR,XR Chest AP view
XR,XR Chest PA view
XR,XR Chest and abdomen
XR,XR Chest lateral
XR,XR Clavicle Both
XR,XR Clavicle Lt
XR,XR Clavicle Rt
XR,XR Coccyx
XR,XR Cochlear implant Both
XR,XR Cochlear implant Left
XR,XR Cochlear implant Right
XR,XR Colonic transit study
XR,XR Elbow Both
XR,XR Elbow Lt
XR,XR Elbow Rt
XR,XR Elbow for bone age Both
XR,XR Elbow for bone age Left
XR,XR Elbow for bone age Right
XR,XR Facial Bones
XR,XR Femur (thigh) Lt
XR,XR Femur (thigh) Rt
XR,XR Femur Both
XR,XR Femur Lt
XR,XR Femur Rt
XR,XR Finger index Lt
XR,XR Finger index Rt
XR,XR Finger little Lt
XR,XR Finger little Rt
XR,XR Finger middle Lt
XR,XR Finger middle Rt
XR,XR Finger ring Lt
XR,XR Finger ring Rt
XR,XR Fingers Lt
XR,XR Fingers Rt
XR,XR Foot Both
XR,XR Foot Lt
XR,XR Foot Rt
XR,XR Foot and ankle Both
XR,XR Foot and ankle Left
XR,XR Foot and ankle Right
XR,XR Forefoot Both
XR,XR Forefoot Lt
XR,XR Forefoot Rt
XR,XR Foreign body demonstration
XR,XR Hand Both
XR,XR Hand Lt
XR,XR Hand Rt
XR,XR Hand and wrist Both
XR,XR Hand and wrist Left
XR,XR Hand and wrist Right
XR,XR Hand and wrist for bone age
XR,XR Hand and wrist for metacarpal index
XR,XR Hindfoot Both
XR,XR Hindfoot Lt
XR,XR Hindfoot Rt
XR,XR Hip Both
XR,XR Hip Lt
XR,XR Hip Rt
XR,XR Humerus Both
XR,XR Humerus Lt
XR,XR Humerus Rt
XR,XR Ilium
XR,XR Intravenous Cholangiogram
XR,XR Intravenous Urogram (IVU)
XR,XR Intravenous urogram
XR,XR Kidney Both
XR,XR Kidney Lt
XR,XR Kidney Rt
XR,XR Kidney ureter bladder
XR,XR Knee Both
XR,XR Knee Lt
XR,XR Knee Rt
XR,XR Larynx
XR,XR Leg length measurement Both
XR,XR Leg length measurement Lt
XR,XR Leg length measurement Rt
XR,XR Lower limb Both
XR,XR Lower limb Left
XR,XR Lower limb Right
XR,XR Lumbar spine
XR,XR Lumbar spine and pelvis
XR,XR Lumbar spine and sacroiliac joint
XR,XR Mandible
XR,XR Mandibular Obliq lateral occlusal Lt
XR,XR Mandibular Obliq lateral occlusal Rt
XR,XR Mastoid Both
XR,XR Mastoids
XR,XR Midfoot Both
XR,XR Midfoot Lt
XR,XR Midfoot Rt
XR,XR Nasal bones
XR,XR Nasogastric tube position
XR,XR Neck soft tissue
XR,XR Orbit Both
XR,XR Orbit foreign body demonstration Both
XR,XR Paranasal sinuses
XR,XR Patella Both
XR,XR Patella Lt
XR,XR Patella Rt
XR,XR Pathological specimen
XR,XR Pelvimetry
XR,XR Pelvis
XR,XR Pelvis and hip Left
XR,XR Pelvis and hip Right
XR,XR Penis
XR,XR Post nasal space
XR,XR Radius and ulna Both
XR,XR Radius and ulna Lt
XR,XR Radius and ulna Rt
XR,XR Ribs Lt
XR,XR Ribs Rt
XR,XR Sacroiliac joint Both
XR,XR Sacrum
XR,XR Sacrum and coccyx
XR,XR Salivary glands
XR,XR Scaphoid Both
XR,XR Scaphoid Lt
XR,XR Scaphoid Rt
XR,XR Scapula Both
XR,XR Scapula Lt
XR,XR Scapula Rt
XR,XR Sesamoid bone foot Both
XR,XR Sesamoid bone foot Left
XR,XR Sesamoid bone foot Right
XR,XR Shoulder Both
XR,XR Shoulder Lt
XR,XR Shoulder Rt
XR,XR Shoulders
XR,XR Skeletal Survey General
XR,XR Skeletal survey
XR,XR Skeletal survey chest oblique ribs
XR,XR Skeletal survey myeloma
XR,XR Skeletal survey non-accidental injury
XR,XR Skeletal survey post mortem
XR,XR Skull
XR,XR Skull pituitary fossa
XR,XR Soft tissue specimen
XR,XR Sternoclavicular joint Both
XR,XR Sternum
XR,XR Subtalar joint Both
XR,XR Subtalar joint Lt
XR,XR Subtalar joint Rt
XR,XR Temporomandibular joint Both
XR,XR Temporomandibular joint Lt
XR,XR Temporomandibular joint Rt
XR,XR Thoracic and lumbar spine
XR,XR Thoracic inlet
XR,XR Thoracic spine
XR,XR Thoracolumbar spine
XR,XR Thumb Both
XR,XR Thumb Lt
XR,XR Thumb Rt
XR,XR Tibia and fibula Both
XR,XR Tibia and fibula Lt
XR,XR Tibia and fibula Rt
XR,XR Toe great Lt
XR,XR Toe great Rt
XR,XR Toes Lt
XR,XR Toes Rt
XR,XR Tomogram
XR,XR Whole Spine (Scoliosis)
XR,XR Whole spine
XR,XR Wrist Both
XR,XR Wrist Lt
XR,XR Wrist Rt
XR,XR Zygoma Both
XR,XR Zygoma Lt
XR,XR Zygoma Rt
